"","baseMean","log2FoldChange","lfcSE","stat","pvalue","padj"
"ENDOV",634.25808925785,-1.1702897725854,0.258790686757448,-4.52214794608221,6.12152476215236e-06,0.0223796735804652
"IL17F",15.6000018905407,-1.7247900627924,0.378646216931662,-4.55514933377425,5.23483756680656e-06,0.0223796735804652
"LOC124417418",64.1805253249757,3.71428782089682,0.836940814648856,4.43793366972451,9.08265973233164e-06,0.0223796735804652
"QPRT",8.88396239243709,4.63525559594643,0.980173563666211,4.72901511300596,2.25611591266253e-06,0.0223796735804652
"BTBD18",17.9042157827017,-1.57685336959028,0.369524139957124,-4.26725401423908,1.9789378736925e-05,0.0341327204454483
"LOC121106462",72.8111452408883,-1.27843168121878,0.298715240363928,-4.27976717780201,1.87088923300968e-05,0.0341327204454483
"LOC112531211",99.8135050831793,-1.44937293544835,0.343097732481495,-4.22437340219532,2.39606495456596e-05,0.0357734261298946
"MIR6607",8.63878435554818,1.54077631194581,0.365476080210756,4.21580616454382,2.48887473074406e-05,0.0357734261298946
"J6367_mgp08",178930.773641848,-1.00327802311914,0.241661930280957,-4.15157663415468,3.30192660846228e-05,0.0370871781497469
