"","baseMean","log2FoldChange","lfcSE","stat","pvalue","padj"
"CUTAL",69.4740588351005,-2.82224369554398,0.547941972459877,-5.15062513439895,2.59619643250356e-07,0.00469807706425845
"MHCY11",135.729865395105,-3.24201962488567,0.700453975393269,-4.62845488608362,3.68404096055786e-06,0.0333332026111276
"APOA4",125.335503765073,-5.44605639093657,1.20975264652806,-4.50179332656682,6.73824884203685e-06,0.0406451170151663
