"","baseMean","log2FoldChange","lfcSE","stat","pvalue","padj"
"AOC1",4029.27575341055,1.41372126758676,0.364409617380467,3.87948396573393,0.000104678300793813,0.0320114382055117
