"","baseMean","log2FoldChange","lfcSE","stat","pvalue","padj"
"AOC1",4029.27575341055,1.41372126727608,0.364392254759741,3.8796688151569,0.000104598785528044,0.0208131502158017
