"","baseMean","log2FoldChange","lfcSE","stat","pvalue","padj"
"LOC112531867",22.9564463435576,4.32990341789682,0.856639650716582,5.05452136645186,4.31471455369538e-07,0.00369857331542768
"LOC121109961",37.9491811245983,-1.05522133510136,0.206403190730883,-5.112427435665,3.18045173576701e-07,0.00369857331542768
"LOC121109904",21.9333445711938,-3.17470336094737,0.652194229270977,-4.86772684955532,1.1288921390789e-06,0.00645124227745622
