"","baseMean","log2FoldChange","lfcSE","stat","pvalue","padj"
"LOC776463",52.0798195207358,-1.99779024646523,0.43870895195706,-4.55379412148573,5.26869208508374e-06,0.0363273602106552
"MMP10",100.833815421807,2.56193791078016,0.566072768185968,4.52581020456102,6.01645581494786e-06,0.0363273602106552
