"","baseMean","log2FoldChange","lfcSE","stat","pvalue","padj"
"CYP1A1",116.745219894161,2.73880218635571,0.555877487053962,4.92698886020876,8.35065137643655e-07,0.00652597321027592
"CYP2C18",347.134622338562,2.60725718396159,0.523812445581302,4.97746322363184,6.44230173479439e-07,0.00652597321027592
"SLC7A9",414.279369970794,-5.01725846778856,1.02844962250792,-4.87846789768247,1.06913060456683e-06,0.00652597321027592
"MUC4",27.8744688920926,2.26089876046588,0.496971176068803,4.54935591707812,5.38103632086804e-06,0.0246343842769339
