NAME	NES	NOM p-val	FDR q-val
KEGG_PEROXISOME	1.8985968	0	0.018275792
KEGG_ABC_TRANSPORTERS	1.7795161	0.00152207	0.041047648
KEGG_LYSINE_DEGRADATION	1.6958305	0.00152439	0.050543938
KEGG_GLYCEROLIPID_METABOLISM	1.68258	0.005856515	0.052121103