"","baseMean","log2FoldChange","lfcSE","stat","pvalue","padj"
"CUTAL",69.4740588351005,-2.82224341185858,0.547890770602716,-5.15110595630937,2.58954828473356e-07,0.00470365550439004
"MHCY11",135.729865395105,-3.24201966112788,0.70039616290111,-4.62883698234312,3.67725093284138e-06,0.0333967929720654
"APOA4",125.335503765073,-5.44605639093657,1.20975264652806,-4.50179332656682,6.73824884203685e-06,0.0407978506555858
